,PM10,PM2.5,Temperature,Humidity,CO2
PM10,1.0,-0.16245213824297378,0.25789054228959674,-0.16779114576981352,0.27580186595788325
PM2.5,-0.16245213824297378,1.0,0.059959031783739375,0.0042383225054136095,-0.2833531310271862
Temperature,0.25789054228959674,0.059959031783739375,1.0,0.25187907191185827,0.019981622930061373
Humidity,-0.16779114576981352,0.0042383225054136095,0.25187907191185827,1.0,-0.015593738452837484
CO2,0.27580186595788325,-0.2833531310271862,0.019981622930061373,-0.015593738452837484,1.0
